<?xml version="1.0" encoding="UTF-8"?>
<GenRun Id="impl_1" LaunchPart="xc7a35tcpg236-1" LaunchTime="1670881181">
  <File Type="BITSTR-BMM" Name="pianoo_bd.bmm"/>
  <File Type="OPT-METHODOLOGY-DRC" Name="pianoo_methodology_drc_opted.rpt"/>
  <File Type="INIT-TIMING" Name="pianoo_timing_summary_init.rpt"/>
  <File Type="ROUTE-PWR" Name="pianoo_power_routed.rpt"/>
  <File Type="PA-TCL" Name="pianoo.tcl"/>
  <File Type="OPT-TIMING" Name="pianoo_timing_summary_opted.rpt"/>
  <File Type="OPT-DCP" Name="pianoo_opt.dcp"/>
  <File Type="ROUTE-PWR-SUM" Name="pianoo_power_summary_routed.pb"/>
  <File Type="REPORTS-TCL" Name="pianoo_reports.tcl"/>
  <File Type="OPT-DRC" Name="pianoo_drc_opted.rpt"/>
  <File Type="OPT-HWDEF" Name="pianoo.hwdef"/>
  <File Type="PWROPT-DCP" Name="pianoo_pwropt.dcp"/>
  <File Type="PWROPT-DRC" Name="pianoo_drc_pwropted.rpt"/>
  <File Type="PWROPT-TIMING" Name="pianoo_timing_summary_pwropted.rpt"/>
  <File Type="PLACE-DCP" Name="pianoo_placed.dcp"/>
  <File Type="PLACE-IO" Name="pianoo_io_placed.rpt"/>
  <File Type="PLACE-CLK" Name="pianoo_clock_utilization_placed.rpt"/>
  <File Type="PLACE-UTIL" Name="pianoo_utilization_placed.rpt"/>
  <File Type="PLACE-UTIL-PB" Name="pianoo_utilization_placed.pb"/>
  <File Type="PLACE-CTRL" Name="pianoo_control_sets_placed.rpt"/>
  <File Type="PLACE-SIMILARITY" Name="pianoo_incremental_reuse_placed.rpt"/>
  <File Type="PLACE-PRE-SIMILARITY" Name="pianoo_incremental_reuse_pre_placed.rpt"/>
  <File Type="PLACE-TIMING" Name="pianoo_timing_summary_placed.rpt"/>
  <File Type="POSTPLACE-PWROPT-DCP" Name="pianoo_postplace_pwropt.dcp"/>
  <File Type="BG-BIN" Name="pianoo.bin"/>
  <File Type="POSTPLACE-PWROPT-TIMING" Name="pianoo_timing_summary_postplace_pwropted.rpt"/>
  <File Type="PHYSOPT-DCP" Name="pianoo_physopt.dcp"/>
  <File Type="PHYSOPT-DRC" Name="pianoo_drc_physopted.rpt"/>
  <File Type="BITSTR-MSK" Name="pianoo.msk"/>
  <File Type="PHYSOPT-TIMING" Name="pianoo_timing_summary_physopted.rpt"/>
  <File Type="ROUTE-ERROR-DCP" Name="pianoo_routed_error.dcp"/>
  <File Type="ROUTE-DCP" Name="pianoo_routed.dcp"/>
  <File Type="ROUTE-BLACKBOX-DCP" Name="pianoo_routed_bb.dcp"/>
  <File Type="ROUTE-DRC" Name="pianoo_drc_routed.rpt"/>
  <File Type="ROUTE-DRC-PB" Name="pianoo_drc_routed.pb"/>
  <File Type="ROUTE-DRC-RPX" Name="pianoo_drc_routed.rpx"/>
  <File Type="BITSTR-MMI" Name="pianoo.mmi"/>
  <File Type="ROUTE-METHODOLOGY-DRC" Name="pianoo_methodology_drc_routed.rpt"/>
  <File Type="ROUTE-METHODOLOGY-DRC-RPX" Name="pianoo_methodology_drc_routed.rpx"/>
  <File Type="ROUTE-METHODOLOGY-DRC-PB" Name="pianoo_methodology_drc_routed.pb"/>
  <File Type="ROUTE-PWR-RPX" Name="pianoo_power_routed.rpx"/>
  <File Type="ROUTE-STATUS" Name="pianoo_route_status.rpt"/>
  <File Type="ROUTE-STATUS-PB" Name="pianoo_route_status.pb"/>
  <File Type="ROUTE-TIMINGSUMMARY" Name="pianoo_timing_summary_routed.rpt"/>
  <File Type="ROUTE-TIMING-PB" Name="pianoo_timing_summary_routed.pb"/>
  <File Type="ROUTE-TIMING-RPX" Name="pianoo_timing_summary_routed.rpx"/>
  <File Type="ROUTE-SIMILARITY" Name="pianoo_incremental_reuse_routed.rpt"/>
  <File Type="ROUTE-CLK" Name="pianoo_clock_utilization_routed.rpt"/>
  <File Type="ROUTE-BUS-SKEW" Name="pianoo_bus_skew_routed.rpt"/>
  <File Type="ROUTE-BUS-SKEW-PB" Name="pianoo_bus_skew_routed.pb"/>
  <File Type="ROUTE-BUS-SKEW-RPX" Name="pianoo_bus_skew_routed.rpx"/>
  <File Type="POSTROUTE-PHYSOPT-DCP" Name="pianoo_postroute_physopt.dcp"/>
  <File Type="POSTROUTE-PHYSOPT-BLACKBOX-DCP" Name="pianoo_postroute_physopt_bb.dcp"/>
  <File Type="POSTROUTE-PHYSOPT-TIMING" Name="pianoo_timing_summary_postroute_physopted.rpt"/>
  <File Type="POSTROUTE-PHYSOPT-TIMING-PB" Name="pianoo_timing_summary_postroute_physopted.pb"/>
  <File Type="POSTROUTE-PHYSOPT-TIMING-RPX" Name="pianoo_timing_summary_postroute_physopted.rpx"/>
  <File Type="POSTROUTE-PHYSOPT-BUS-SKEW" Name="pianoo_bus_skew_postroute_physopted.rpt"/>
  <File Type="POSTROUTE-PHYSOPT-BUS-SKEW-PB" Name="pianoo_bus_skew_postroute_physopted.pb"/>
  <File Type="BG-BIT" Name="pianoo.bit"/>
  <File Type="POSTROUTE-PHYSOPT-BUS-SKEW-RPX" Name="pianoo_bus_skew_postroute_physopted.rpx"/>
  <File Type="BITSTR-RBT" Name="pianoo.rbt"/>
  <File Type="BITSTR-NKY" Name="pianoo.nky"/>
  <File Type="PDI-FILE" Name="pianoo.pdi"/>
  <File Type="RCFI_FILE" Name="pianoo.rcfi"/>
  <File Type="CFI_FILE" Name="pianoo.cfi"/>
  <File Type="RNPI_FILE" Name="pianoo.rnpi"/>
  <File Type="NPI_FILE" Name="pianoo.npi"/>
  <File Type="RBD_FILE" Name="pianoo.rbd"/>
  <File Type="BITSTR-LTX" Name="debug_nets.ltx"/>
  <File Type="BITSTR-LTX" Name="pianoo.ltx"/>
  <File Type="BITSTR-SYSDEF" Name="pianoo.sysdef"/>
  <File Type="BG-BGN" Name="pianoo.bgn"/>
  <File Type="BG-DRC" Name="pianoo.drc"/>
  <File Type="RDI-RDI" Name="pianoo.vdi"/>
  <File Type="WBT-USG" Name="usage_statistics_webtalk.html"/>
  <FileSet Name="sources" Type="DesignSrcs" RelSrcDir="$PSRCDIR/sources_1">
    <Filter Type="Srcs"/>
    <File Path="$PSRCDIR/sources_1/new/clock_div.v">
      <FileInfo>
        <Attr Name="UsedIn" Val="synthesis"/>
        <Attr Name="UsedIn" Val="implementation"/>
        <Attr Name="UsedIn" Val="simulation"/>
      </FileInfo>
    </File>
    <File Path="$PSRCDIR/sources_1/new/final_pixel.v">
      <FileInfo>
        <Attr Name="UsedIn" Val="synthesis"/>
        <Attr Name="UsedIn" Val="implementation"/>
        <Attr Name="UsedIn" Val="simulation"/>
      </FileInfo>
    </File>
    <File Path="$PSRCDIR/sources_1/new/h_counter.v">
      <FileInfo>
        <Attr Name="UsedIn" Val="synthesis"/>
        <Attr Name="UsedIn" Val="implementation"/>
        <Attr Name="UsedIn" Val="simulation"/>
      </FileInfo>
    </File>
    <File Path="$PSRCDIR/sources_1/new/rand_1.v">
      <FileInfo>
        <Attr Name="UsedIn" Val="synthesis"/>
        <Attr Name="UsedIn" Val="implementation"/>
        <Attr Name="UsedIn" Val="simulation"/>
      </FileInfo>
    </File>
    <File Path="$PSRCDIR/sources_1/new/rand_2.v">
      <FileInfo>
        <Attr Name="UsedIn" Val="synthesis"/>
        <Attr Name="UsedIn" Val="implementation"/>
        <Attr Name="UsedIn" Val="simulation"/>
      </FileInfo>
    </File>
    <File Path="$PSRCDIR/sources_1/new/rand_3.v">
      <FileInfo>
        <Attr Name="UsedIn" Val="synthesis"/>
        <Attr Name="UsedIn" Val="implementation"/>
        <Attr Name="UsedIn" Val="simulation"/>
      </FileInfo>
    </File>
    <File Path="$PSRCDIR/sources_1/new/rand_4.v">
      <FileInfo>
        <Attr Name="UsedIn" Val="synthesis"/>
        <Attr Name="UsedIn" Val="implementation"/>
        <Attr Name="UsedIn" Val="simulation"/>
      </FileInfo>
    </File>
    <File Path="$PSRCDIR/sources_1/new/score.v">
      <FileInfo>
        <Attr Name="UsedIn" Val="synthesis"/>
        <Attr Name="UsedIn" Val="implementation"/>
        <Attr Name="UsedIn" Val="simulation"/>
      </FileInfo>
    </File>
    <File Path="$PSRCDIR/sources_1/new/sound_gen.v">
      <FileInfo>
        <Attr Name="UsedIn" Val="synthesis"/>
        <Attr Name="UsedIn" Val="implementation"/>
        <Attr Name="UsedIn" Val="simulation"/>
      </FileInfo>
    </File>
    <File Path="$PSRCDIR/sources_1/new/timer.v">
      <FileInfo>
        <Attr Name="UsedIn" Val="synthesis"/>
        <Attr Name="UsedIn" Val="implementation"/>
        <Attr Name="UsedIn" Val="simulation"/>
      </FileInfo>
    </File>
    <File Path="$PSRCDIR/sources_1/new/v_counter.v">
      <FileInfo>
        <Attr Name="UsedIn" Val="synthesis"/>
        <Attr Name="UsedIn" Val="implementation"/>
        <Attr Name="UsedIn" Val="simulation"/>
      </FileInfo>
    </File>
    <File Path="$PSRCDIR/sources_1/new/vga_sync.v">
      <FileInfo>
        <Attr Name="UsedIn" Val="synthesis"/>
        <Attr Name="UsedIn" Val="implementation"/>
        <Attr Name="UsedIn" Val="simulation"/>
      </FileInfo>
    </File>
    <File Path="$PSRCDIR/sources_1/new/pianoo.v">
      <FileInfo>
        <Attr Name="UsedIn" Val="synthesis"/>
        <Attr Name="UsedIn" Val="implementation"/>
        <Attr Name="UsedIn" Val="simulation"/>
      </FileInfo>
    </File>
    <File Path="$PSRCDIR/sources_1/new/pixel_gen.v">
      <FileInfo>
        <Attr Name="AutoDisabled" Val="1"/>
        <Attr Name="UsedIn" Val="synthesis"/>
        <Attr Name="UsedIn" Val="implementation"/>
        <Attr Name="UsedIn" Val="simulation"/>
      </FileInfo>
    </File>
    <File Path="$PSRCDIR/sources_1/new/start.v">
      <FileInfo>
        <Attr Name="AutoDisabled" Val="1"/>
        <Attr Name="UsedIn" Val="synthesis"/>
        <Attr Name="UsedIn" Val="implementation"/>
        <Attr Name="UsedIn" Val="simulation"/>
      </FileInfo>
    </File>
    <File Path="$PSRCDIR/sources_1/new/dynamic_display.v">
      <FileInfo>
        <Attr Name="AutoDisabled" Val="1"/>
        <Attr Name="UsedIn" Val="synthesis"/>
        <Attr Name="UsedIn" Val="implementation"/>
        <Attr Name="UsedIn" Val="simulation"/>
      </FileInfo>
    </File>
    <File Path="$PSRCDIR/sources_1/new/input_btns.v">
      <FileInfo>
        <Attr Name="AutoDisabled" Val="1"/>
        <Attr Name="UsedIn" Val="synthesis"/>
        <Attr Name="UsedIn" Val="implementation"/>
        <Attr Name="UsedIn" Val="simulation"/>
      </FileInfo>
    </File>
    <Config>
      <Option Name="DesignMode" Val="RTL"/>
      <Option Name="TopModule" Val="pianoo"/>
      <Option Name="TopAutoSet" Val="TRUE"/>
    </Config>
  </FileSet>
  <FileSet Name="constrs_in" Type="Constrs" RelSrcDir="$PSRCDIR/constrs_1">
    <Filter Type="Constrs"/>
    <File Path="$PSRCDIR/constrs_1/new/conts.xdc">
      <FileInfo>
        <Attr Name="UsedIn" Val="synthesis"/>
        <Attr Name="UsedIn" Val="implementation"/>
      </FileInfo>
    </File>
    <Config>
      <Option Name="TargetConstrsFile" Val="$PSRCDIR/constrs_1/new/conts.xdc"/>
      <Option Name="ConstrsType" Val="XDC"/>
    </Config>
  </FileSet>
  <FileSet Name="utils" Type="Utils" RelSrcDir="$PSRCDIR/utils_1">
    <Filter Type="Utils"/>
    <Config>
      <Option Name="TopAutoSet" Val="TRUE"/>
    </Config>
  </FileSet>
  <Strategy Version="1" Minor="2">
    <StratHandle Name="Vivado Implementation Defaults" Flow="Vivado Implementation 2020"/>
    <Step Id="init_design"/>
    <Step Id="opt_design"/>
    <Step Id="power_opt_design"/>
    <Step Id="place_design"/>
    <Step Id="post_place_power_opt_design"/>
    <Step Id="phys_opt_design"/>
    <Step Id="route_design"/>
    <Step Id="post_route_phys_opt_design"/>
    <Step Id="write_bitstream"/>
  </Strategy>
</GenRun>
